{"x noise":{"0":0.0,"1":0.1,"2":0.2,"3":0.3,"4":0.4,"5":0.5,"6":0.6,"7":0.7,"8":0.8,"9":0.9,"10":1.0,"11":1.1,"12":1.2,"13":1.3,"14":1.4,"15":1.5,"16":1.6,"17":1.7,"18":1.8,"19":1.9,"20":2.0},"y noise":{"0":0,"1":0,"2":0,"3":0,"4":0,"5":0,"6":0,"7":0,"8":0,"9":0,"10":0,"11":0,"12":0,"13":0,"14":0,"15":0,"16":0,"17":0,"18":0,"19":0,"20":0},"omit?":{"0":false,"1":false,"2":false,"3":false,"4":false,"5":false,"6":false,"7":false,"8":false,"9":false,"10":false,"11":false,"12":false,"13":false,"14":false,"15":false,"16":false,"17":false,"18":false,"19":false,"20":false},"% omitted":{"0":null,"1":null,"2":null,"3":null,"4":null,"5":null,"6":null,"7":null,"8":null,"9":null,"10":null,"11":null,"12":null,"13":null,"14":null,"15":null,"16":null,"17":null,"18":null,"19":null,"20":null},"overall RMSE":{"0":0.3816818178,"1":0.3798852682,"2":0.383368063,"3":0.3895666599,"4":0.3954506874,"5":0.4043258905,"6":0.4141543984,"7":0.4267244518,"8":0.4434422851,"9":0.456900847,"10":0.4725344658,"11":0.4900674522,"12":0.508867836,"13":0.5291009188,"14":0.5480086684,"15":0.5698759675,"16":0.589917469,"17":0.6068497777,"18":0.6121135712,"19":0.6220642924,"20":0.6387902975},"overall RMSE std":{"0":0.0180833428,"1":0.0193845463,"2":0.0200921412,"3":0.0195703982,"4":0.0175622587,"5":0.0181283225,"6":0.0225248113,"7":0.0204639756,"8":0.0216508761,"9":0.0228011774,"10":0.0226486924,"11":0.0242194807,"12":0.0247355854,"13":0.0304523454,"14":0.0344297409,"15":0.0347209598,"16":0.0412396112,"17":0.0437016883,"18":0.0434877384,"19":0.0438924156,"20":0.0432241978},"s=0 RMSE":{"0":0.380469054,"1":0.3789067805,"2":0.3807373047,"3":0.3869708002,"4":0.3917123973,"5":0.3992106497,"6":0.405759871,"7":0.4182178259,"8":0.4323667347,"9":0.442681241,"10":0.4536445379,"11":0.4650514781,"12":0.4768966436,"13":0.4879324973,"14":0.5009647667,"15":0.5099002004,"16":0.528198421,"17":0.5330842555,"18":0.5374224424,"19":0.5384997368,"20":0.5494047403},"s=0 RMSE std":{"0":0.0197420125,"1":0.0215746154,"2":0.0212185084,"3":0.0198353438,"4":0.0180427564,"5":0.0205008123,"6":0.024729851,"7":0.0219240561,"8":0.0223654239,"9":0.0222286907,"10":0.01966947,"11":0.0197607965,"12":0.019558284,"13":0.0251718009,"14":0.0270254735,"15":0.0220076884,"16":0.0270400152,"17":0.0295164267,"18":0.028311183,"19":0.0312397391,"20":0.027220689},"s=1 RMSE":{"0":0.3925010324,"1":0.3874785006,"2":0.4065197647,"3":0.4131688714,"4":0.4287400782,"5":0.4479852378,"6":0.4847642422,"7":0.5004020452,"8":0.5369647741,"9":0.5744001269,"10":0.6241321325,"11":0.6835466266,"12":0.7468593836,"13":0.8221893668,"14":0.875436306,"15":0.9665727019,"16":1.0017764926,"17":1.0783903122,"18":1.0885445595,"19":1.1409493327,"20":1.186448586},"s=1 RMSE std":{"0":0.0211190312,"1":0.0120447228,"2":0.0141117367,"3":0.0200818956,"4":0.0164279324,"5":0.0158288372,"6":0.0459792261,"7":0.0392072797,"8":0.0515405332,"9":0.0593133321,"10":0.0768756585,"11":0.0932347003,"12":0.1040005163,"13":0.1242698257,"14":0.1499249384,"15":0.1474414222,"16":0.1838583441,"17":0.1726553279,"18":0.1771681851,"19":0.159388844,"20":0.177442484}}