{"x noise":{"0":0,"1":0,"2":0,"3":0,"4":0,"5":0,"6":0,"7":0,"8":0,"9":0,"10":0},"y noise":{"0":0.0,"1":1.0,"2":2.0,"3":3.0,"4":4.0,"5":5.0,"6":6.0,"7":7.0,"8":8.0,"9":9.0,"10":10.0},"omit?":{"0":false,"1":false,"2":false,"3":false,"4":false,"5":false,"6":false,"7":false,"8":false,"9":false,"10":false},"% omitted":{"0":null,"1":null,"2":null,"3":null,"4":null,"5":null,"6":null,"7":null,"8":null,"9":null,"10":null},"overall RMSE":{"0":0.3816818178,"1":0.4321738362,"2":0.5017576575,"3":0.5628521323,"4":0.6442792177,"5":0.7053216815,"6":0.7557290316,"7":0.782059741,"8":0.8211915731,"9":0.8714591384,"10":0.9244856},"overall RMSE std":{"0":0.0180833428,"1":0.025677428,"2":0.0352237843,"3":0.0356545606,"4":0.0360352723,"5":0.0321062237,"6":0.0347673947,"7":0.0340071442,"8":0.0427586415,"9":0.0329662744,"10":0.0681920109},"s=0 RMSE":{"0":0.380469054,"1":0.4272640944,"2":0.4953312933,"3":0.5591872454,"4":0.6350749135,"5":0.6942657351,"6":0.741138041,"7":0.7667565346,"8":0.799295032,"9":0.852739203,"10":0.8991792917},"s=0 RMSE std":{"0":0.0197420125,"1":0.0282147468,"2":0.0338306279,"3":0.0369794487,"4":0.0401890805,"5":0.0343909857,"6":0.0344378786,"7":0.0377361745,"8":0.0560260304,"9":0.0341385388,"10":0.0792107232},"s=1 RMSE":{"0":0.3925010324,"1":0.4713279188,"2":0.5575807452,"3":0.5925213099,"4":0.7137754202,"5":0.791106236,"6":0.8690317988,"7":0.9008380055,"8":0.9783591628,"9":1.0156721592,"10":1.1068262219},"s=1 RMSE std":{"0":0.0211190312,"1":0.0390041328,"2":0.0616863933,"3":0.0667789918,"4":0.0771807,"5":0.0835704826,"6":0.0976893055,"7":0.1021274991,"8":0.1283603921,"9":0.1223407675,"10":0.1548567693}}