{"similarity scores":{"0":"1.0-1.0","1":"0.8-1.0","2":"0.7-0.8","3":"0.6-0.7","4":"0.5-0.6","5":"0.4-0.5","6":"0.35-0.4","7":"0.3-0.35","8":"0.25-0.3","9":"0.2-0.25","10":"0.15-0.2","11":"0.1-0.15","12":"0.05-0.1","13":"0-0.05"},"overall rmse":{"0":0.8548130989,"1":0.8685469747,"2":0.8996124625,"3":0.9488516212,"4":0.9897186279,"5":1.0338766098,"6":1.0638812304,"7":1.0754850388,"8":1.0933732748,"9":1.1374218464,"10":1.1415130615,"11":1.1825361967,"12":1.325656271,"13":1.3310255527},"overall rmse std":{"0":0.0542840229,"1":0.0135523898,"2":0.0328582112,"3":0.0321799273,"4":0.0182992033,"5":0.0186499378,"6":0.0212496939,"7":0.0300977037,"8":0.0201993278,"9":0.0344232827,"10":0.0201708212,"11":0.0231584755,"12":0.0316283645,"13":0.0280066364},"lower rmse":{"0":0.8655691981,"1":0.8753382564,"2":0.853323257,"3":0.819126308,"4":0.8518765926,"5":0.8465982318,"6":0.8931245327,"7":0.9057307482,"8":0.865965879,"9":0.8981110811,"10":0.9338870168,"11":0.9679306984,"12":0.9260359287,"13":0.8975233912},"lower rmse std":{"0":0.0304442943,"1":0.0166541686,"2":0.0316674461,"3":0.0514411547,"4":0.0562444513,"5":0.0369024761,"6":0.0641232266,"7":0.0278364459,"8":0.0418197586,"9":0.0402343244,"10":0.0428516146,"11":0.0466006774,"12":0.0122179576,"13":0.0092981882},"upper rmse":{"0":0.8404133439,"1":0.8613182187,"2":0.9410033226,"3":1.0633273005,"4":1.1109827042,"5":1.1953103065,"6":1.2105736256,"7":1.2254724741,"8":1.2843403339,"9":1.337647748,"10":1.319728756,"11":1.3671568632,"12":1.6379802227,"13":1.6628939152},"upper rmse std":{"0":0.1019560737,"1":0.0201378767,"2":0.0920214586,"3":0.070937321,"4":0.0623854656,"5":0.0426484335,"6":0.0830534569,"7":0.0446580106,"8":0.0587070704,"9":0.0800617071,"10":0.0608384381,"11":0.0548291995,"12":0.0465311461,"13":0.0447031436},"overall corr":{"0":0.74583344,"1":0.7222956055,"2":0.7105657243,"3":0.7044690375,"4":0.6711090025,"5":0.6377644362,"6":0.6017462533,"7":0.5834650074,"8":0.5848019356,"9":0.5605631205,"10":0.5156412537,"11":0.4551816276,"12":0.3562391564,"13":0.3799173101},"overall corr std":{"0":0.0189286795,"1":0.0099321789,"2":0.0146717337,"3":0.0182867983,"4":0.0202461868,"5":0.0249985461,"6":0.0149907987,"7":0.0282251603,"8":0.0113899167,"9":0.0231885016,"10":0.0196008959,"11":0.0398424865,"12":0.0273569956,"13":0.0518115422},"lower corr":{"0":0.5614382055,"1":0.5514847755,"2":0.5303586516,"3":0.5362046105,"4":0.5092009843,"5":0.4926936075,"6":0.4685420502,"7":0.4572491437,"8":0.4939529836,"9":0.4258052264,"10":0.4128401476,"11":0.3839536044,"12":0.304506483,"13":0.3252956887},"lower corr std":{"0":0.0266196086,"1":0.0173717313,"2":0.0155358986,"3":0.0245884753,"4":0.0270390263,"5":0.0272616418,"6":0.0232323089,"7":0.0230544287,"8":0.0208393737,"9":0.0269397852,"10":0.0293188601,"11":0.030564435,"12":0.0283535968,"13":0.029145528},"upper corr":{"0":0.3718512434,"1":0.3280752229,"2":0.3069764038,"3":0.2977820295,"4":0.2607001955,"5":0.239154141,"6":0.180641546,"7":0.202646744,"8":0.1994169063,"9":0.1871837672,"10":0.1716151048,"11":0.1044254669,"12":0.0155046557,"13":0.0715687555},"upper corr std":{"0":0.0230404102,"1":0.0161815734,"2":0.023269168,"3":0.0256411329,"4":0.0387781638,"5":0.0567872508,"6":0.0424947498,"7":0.0297321695,"8":0.030611424,"9":0.0441074064,"10":0.0490244021,"11":0.0372523676,"12":0.0290470207,"13":0.058041847}}