{"omit frac":{"0":0.0,"1":0.1,"2":0.2,"3":0.3,"4":0.4,"5":0.5,"6":0.6,"7":0.7,"8":0.8,"9":0.9,"10":1.0},"overall rmse":{"0":0.8548130989,"1":1.6454565763,"2":1.8082995415,"3":1.9273211956,"4":1.8593993902,"5":2.0600057364,"6":2.1923080921,"7":1.7021716595,"8":1.6282606125,"9":1.9804635286,"10":2.4241595268},"overall rmse std":{"0":0.0542840229,"1":0.1442445907,"2":0.3766905641,"3":0.4398906221,"4":0.4018774484,"5":0.445202326,"6":0.504363493,"7":0.5373524988,"8":0.2377567024,"9":0.3452642129,"10":0.013985779},"lower rmse":{"0":1.1969996929,"1":0.7610748053,"2":1.097226119,"3":0.755096221,"4":1.0743526697,"5":0.9994690061,"6":0.9937839866,"7":1.5833424449,"8":1.4796624422,"9":0.9933212876,"10":0.5510372162},"lower rmse std":{"0":0.1094333261,"1":0.0286963076,"2":0.5072462264,"3":0.1133648768,"4":0.4495605562,"5":0.4096052014,"6":0.4520845542,"7":0.4876421422,"8":0.3868513802,"9":0.2842249765,"10":0.0070735937},"upper rmse":{"0":0.7972677588,"1":1.726726532,"2":1.8591193438,"3":2.0275277615,"4":1.9232091427,"5":2.1451046944,"6":2.2843072891,"7":1.6880387783,"8":1.6336289406,"9":2.0683570623,"10":2.568194294},"upper rmse std":{"0":0.0791032504,"1":0.1547450348,"2":0.4552072982,"3":0.4756472804,"4":0.4605191573,"5":0.5127865931,"6":0.5845624146,"7":0.6273847476,"8":0.2942658996,"9":0.3835106976,"10":0.015057104},"overall corr":{"0":0.74583344,"1":0.6021616171,"2":null,"3":0.4516897607,"4":0.24969182,"5":0.2495208659,"6":0.0630050584,"7":0.1035127861,"8":null,"9":0.2917520194,"10":0.2802995476},"overall corr std":{"0":0.0189286795,"1":0.0510488305,"2":null,"3":0.2048841252,"4":0.3007888911,"5":0.2742038777,"6":0.1348197311,"7":0.1204978913,"8":null,"9":0.1241493558,"10":0.0114207662},"lower corr":{"0":0.4787467871,"1":0.3392159312,"2":null,"3":0.2261729145,"4":0.1126086118,"5":0.1053459642,"6":-0.049306532,"7":-0.021833891,"8":null,"9":0.185547298,"10":0.3305929938},"lower corr std":{"0":0.0634548947,"1":0.0721382697,"2":null,"3":0.1431960212,"4":0.1562060539,"5":0.1258238556,"6":0.0591518991,"7":0.0798234077,"8":null,"9":0.1326837291,"10":0.022397391},"upper corr":{"0":0.6827832031,"1":0.5268721375,"2":null,"3":0.3811294974,"4":0.2050856278,"5":0.2098113156,"6":0.0367084683,"7":0.0751493504,"8":null,"9":0.2282371582,"10":0.1834362216},"upper corr std":{"0":0.0209124546,"1":0.0501545652,"2":null,"3":0.205249273,"4":0.254327229,"5":0.2418710099,"6":0.103637329,"7":0.1063134772,"8":null,"9":0.1148542067,"10":0.0111849913}}