{"omit frac":{"0":0.0,"1":0.1,"2":0.2,"3":0.3,"4":0.4,"5":0.5,"6":0.6,"7":0.7,"8":0.8,"9":0.9,"10":1.0},"overall rmse":{"0":1.7623829842,"1":1.8248922586,"2":1.9318891525,"3":2.1940016508,"4":2.000972724,"5":2.057344389,"6":2.5675768137,"7":2.5613399506,"8":2.4288694859,"9":2.5261705399,"10":2.3916714668},"overall rmse std":{"0":0.4610942309,"1":0.4812737556,"2":0.296191078,"3":0.3702628437,"4":0.3627580802,"5":0.5112486052,"6":0.4928117825,"7":0.2165026724,"8":0.2318681801,"9":0.2367926635,"10":0.0466725632},"lower rmse":{"0":0.8330392957,"1":0.8526478708,"2":0.6804963231,"3":0.6634775758,"4":0.75810709,"5":0.9585837126,"6":0.7291896403,"7":0.5536568403,"8":0.5963312209,"9":0.5434311271,"10":0.5123922348},"lower rmse std":{"0":0.2291348306,"1":0.2580941444,"2":0.156424876,"3":0.1503912941,"4":0.1528413783,"5":0.6302379894,"6":0.2905008502,"7":0.0412790645,"8":0.101884836,"9":0.0390278101,"10":0.0158229042},"upper rmse":{"0":1.8268466711,"1":1.8864724398,"2":2.0111485243,"3":2.2857558727,"4":2.0783860445,"5":2.1161112547,"6":2.6783127069,"7":2.6807972431,"8":2.5375869274,"9":2.643546772,"10":2.5018834114},"upper rmse std":{"0":0.5022177737,"1":0.5070980786,"2":0.3147561256,"3":0.3797960241,"4":0.3739829603,"5":0.5962895651,"6":0.5184764809,"7":0.2468623358,"8":0.2421477521,"9":0.2619872794,"10":0.064226696}}