{"x noise":{"0":0,"1":0,"2":0,"3":0,"4":0,"5":0,"6":0,"7":0,"8":0,"9":0,"10":0},"y noise":{"0":0,"1":0,"2":0,"3":0,"4":0,"5":0,"6":0,"7":0,"8":0,"9":0,"10":0},"omit?":{"0":true,"1":true,"2":true,"3":true,"4":true,"5":true,"6":true,"7":true,"8":true,"9":true,"10":true},"% omitted":{"0":0.0,"1":0.1,"2":0.2,"3":0.3,"4":0.4,"5":0.5,"6":0.6,"7":0.7,"8":0.8,"9":0.9,"10":1.0},"overall RMSE":{"0":0.3853607059,"1":0.3845265567,"2":0.3848531902,"3":0.3823974967,"4":0.3815594912,"5":0.3801413298,"6":0.3843283594,"7":0.3860632956,"8":0.3862240374,"9":0.3951483011,"10":0.3919974506},"overall RMSE std":{"0":0.0253635693,"1":0.026703888,"2":0.0231302805,"3":0.0226416298,"4":0.0216517104,"5":0.0216713298,"6":0.0197066747,"7":0.0220501973,"8":0.0210044874,"9":0.0193730528,"10":0.022821628},"s=0 RMSE":{"0":0.3819767892,"1":0.3806718946,"2":0.3832393587,"3":0.3801021159,"4":0.3782884717,"5":0.3793468833,"6":0.3804098785,"7":0.383007735,"8":0.379769814,"9":0.3879734874,"10":0.385143286},"s=0 RMSE std":{"0":0.0260460371,"1":0.0286429911,"2":0.0248610981,"3":0.0246054908,"4":0.0245454625,"5":0.0218811486,"6":0.0227046833,"7":0.0233133149,"8":0.0238755817,"9":0.0201744889,"10":0.0238744379},"s=1 RMSE":{"0":0.414193213,"1":0.4173497975,"2":0.3993528068,"3":0.4030702531,"4":0.4082600296,"5":0.3873269498,"6":0.4158421278,"7":0.4137915313,"8":0.4385102808,"9":0.4509839952,"10":0.4469837904},"s=1 RMSE std":{"0":0.0244463433,"1":0.0246531145,"2":0.0098862681,"3":0.0164408793,"4":0.0126905771,"5":0.0254996645,"6":0.02212027,"7":0.0212438398,"8":0.0206193888,"9":0.0427940946,"10":0.0382098908}}