{"y noise level":{"0":0.0,"1":0.2,"2":0.4,"3":0.6,"4":0.8,"5":1.0,"6":1.2,"7":1.4,"8":1.6,"9":1.8,"10":2.0,"11":2.2,"12":2.4,"13":2.6,"14":2.8,"15":3.0,"16":3.2,"17":3.4,"18":3.6,"19":3.8,"20":4.0,"21":4.2,"22":4.4,"23":4.6,"24":4.8,"25":5.0},"overall rmse":{"0":0.8548130989,"1":0.8080803156,"2":0.812006104,"3":0.8172896981,"4":0.8214834571,"5":0.8211249948,"6":0.8243450165,"7":0.8329808712,"8":0.8343700409,"9":0.8377412796,"10":0.8494967341,"11":0.8539072514,"12":0.8639624357,"13":0.86360147,"14":0.8590600252,"15":0.8831019044,"16":0.8705690145,"17":0.8814418197,"18":0.8943863869,"19":0.8818098307,"20":0.9246266484,"21":0.9000406504,"22":0.9172192454,"23":0.9119336247,"24":0.9386654139,"25":0.9360721946},"overall rmse std":{"0":0.0542840229,"1":0.0133966986,"2":0.0078806303,"3":0.0102409632,"4":0.006995042,"5":0.0178317607,"6":0.0165575069,"7":0.0151244056,"8":0.0194739344,"9":0.0216868105,"10":0.0248687698,"11":0.0161035285,"12":0.0175566367,"13":0.0144025592,"14":0.0176704144,"15":0.0180140996,"16":0.0227855736,"17":0.0212998673,"18":0.0145485907,"19":0.0222932885,"20":0.0259388437,"21":0.0311626132,"22":0.0237368947,"23":0.0273602938,"24":0.0291930904,"25":0.0213267405},"lower rmse":{"0":0.8075299144,"1":0.7659924269,"2":0.7768817663,"3":0.7856823802,"4":0.7851373434,"5":0.7809857607,"6":0.7883855462,"7":0.7959677815,"8":0.7882163644,"9":0.7987368703,"10":0.8061290979,"11":0.816914928,"12":0.8287114143,"13":0.8212387919,"14":0.8112169862,"15":0.8459928989,"16":0.8265885711,"17":0.8412095308,"18":0.8549332976,"19":0.8415675759,"20":0.8840740561,"21":0.8604624391,"22":0.8685383916,"23":0.8661984086,"24":0.8913427472,"25":0.8962629557},"lower rmse std":{"0":0.045035642,"1":0.014500656,"2":0.0130690765,"3":0.0153988102,"4":0.0152369985,"5":0.0271542336,"6":0.0116365863,"7":0.0151727466,"8":0.0193342324,"9":0.0226053539,"10":0.014891537,"11":0.0075786089,"12":0.0233154882,"13":0.0194794868,"14":0.0081065866,"15":0.0186681063,"16":0.0065488146,"17":0.0218002814,"18":0.0056506401,"19":0.030155092,"20":0.0139978875,"21":0.0187266339,"22":0.022259644,"23":0.0166505696,"24":0.0227544016,"25":0.0163676973},"upper rmse":{"0":1.1486436129,"1":1.0720794916,"2":1.033065474,"3":1.016486001,"4":1.0534075737,"5":1.0730412841,"6":1.054712081,"7":1.0681556225,"8":1.1209038019,"9":1.0799985886,"10":1.1209656,"11":1.093155551,"12":1.0911206961,"13":1.1226268053,"14":1.1446921587,"15":1.1111627579,"16":1.1406229734,"17":1.1266537666,"18":1.1352956772,"19":1.129216814,"20":1.1709661961,"21":1.1418952584,"22":1.2116493464,"23":1.1926219702,"24":1.2268046618,"25":1.1799981594},"upper rmse std":{"0":0.1147709025,"1":0.0533980178,"2":0.0573779575,"3":0.0561542802,"4":0.0684114355,"5":0.0567940238,"6":0.0649532873,"7":0.0579958525,"8":0.0859712632,"9":0.1128839892,"10":0.1234480728,"11":0.1116036745,"12":0.0891841863,"13":0.1137335676,"14":0.1125154447,"15":0.1258516427,"16":0.1317363056,"17":0.1256167556,"18":0.1163899131,"19":0.1020076967,"20":0.1318995304,"21":0.1324189275,"22":0.1520673319,"23":0.1414823894,"24":0.1383734602,"25":0.1452638514},"overall corr":{"0":0.74583344,"1":0.765099562,"2":0.7629617485,"3":0.7593064997,"4":0.756411466,"5":0.7603846885,"6":0.758575343,"7":0.7453286114,"8":0.7473816002,"9":0.7491672163,"10":0.7453178401,"11":0.7354956396,"12":0.7282928718,"13":0.7288084371,"14":0.7363607499,"15":0.7178687548,"16":0.7283689192,"17":0.7179057823,"18":0.7108589806,"19":0.7176729266,"20":0.683988698,"21":0.7050960764,"22":0.6946048692,"23":0.693982479,"24":0.6711194823,"25":0.6809528591},"overall corr std":{"0":0.0189286795,"1":0.0091320319,"2":0.0086641121,"3":0.0075313582,"4":0.0037871083,"5":0.0143250291,"6":0.0094839666,"7":0.0077445103,"8":0.0131010483,"9":0.0120842452,"10":0.0149558259,"11":0.0120264264,"12":0.0144035389,"13":0.0116107427,"14":0.011513613,"15":0.0176897764,"16":0.0178759917,"17":0.0193400865,"18":0.0150569211,"19":0.0229881412,"20":0.0265161923,"21":0.0289437868,"22":0.0166768997,"23":0.0208869209,"24":0.0251609339,"25":0.0180694519},"lower corr":{"0":0.7239680198,"1":0.7473953706,"2":0.7468977876,"3":0.735435433,"4":0.7382504005,"5":0.7425933028,"6":0.7367212303,"7":0.7202381657,"8":0.7298646628,"9":0.7247031041,"10":0.7207039545,"11":0.7082594594,"12":0.7033981307,"13":0.7049681394,"14":0.7172417407,"15":0.6925362127,"16":0.7049644363,"17":0.6930909353,"18":0.6862972624,"19":0.6948634785,"20":0.6562487416,"21":0.6826121432,"22":0.6747798691,"23":0.6704966678,"24":0.6476354827,"25":0.6565261495},"lower corr std":{"0":0.0219962948,"1":0.0092578611,"2":0.0115326212,"3":0.0100985278,"4":0.0104417294,"5":0.0123670972,"6":0.0127569543,"7":0.0090419213,"8":0.015355426,"9":0.0101909427,"10":0.0165969698,"11":0.0146116644,"12":0.0163465762,"13":0.0129725364,"14":0.0110579539,"15":0.0193632704,"16":0.015589288,"17":0.022925235,"18":0.0193232251,"19":0.0212129387,"20":0.03055449,"21":0.0276737419,"22":0.0180431611,"23":0.0246233333,"24":0.0229572305,"25":0.0208717761},"upper corr":{"0":0.0869336424,"1":0.0959023818,"2":0.1132956409,"3":0.1047187397,"4":0.1019976416,"5":0.1026289363,"6":0.103673838,"7":0.1061228263,"8":0.0962071448,"9":0.1039350634,"10":0.0856383997,"11":0.1467978009,"12":0.0808492671,"13":0.1271188193,"14":0.1006153237,"15":0.1378181771,"16":0.1205664151,"17":0.1502372689,"18":0.1078643291,"19":0.0831567583,"20":0.076963539,"21":0.097350006,"22":0.1036411848,"23":0.0774751054,"24":0.092386723,"25":0.1048058148},"upper corr std":{"0":0.068402086,"1":0.036866827,"2":0.0605445971,"3":0.0418733116,"4":0.0563048096,"5":0.0671126589,"6":0.080247777,"7":0.0815363997,"8":0.0515020237,"9":0.0653659775,"10":0.0610195252,"11":0.0869350304,"12":0.1037959119,"13":0.0929085159,"14":0.0657096226,"15":0.0442412007,"16":0.0563549927,"17":0.0813708152,"18":0.0666799859,"19":0.0550704761,"20":0.0692319268,"21":0.1193968309,"22":0.0765980687,"23":0.1280462502,"24":0.0776832486,"25":0.099373045}}