{"omit frac":{"0":0.0,"1":0.1,"2":0.2,"3":0.3,"4":0.4,"5":0.5,"6":0.6,"7":0.7,"8":0.8,"9":0.9,"10":1.0},"overall rmse":{"0":1.6226330757,"1":1.5553720236,"2":1.6051177025,"3":1.6679332018,"4":1.718696928,"5":1.7134141922,"6":1.7562247515,"7":1.8512114048,"8":1.9533396959,"9":2.0518238306,"10":2.1160081148},"overall rmse std":{"0":0.0872721434,"1":0.0722293358,"2":0.1031835822,"3":0.1315957083,"4":0.1294329221,"5":0.1852370397,"6":0.1435713209,"7":0.1626497823,"8":0.1168554615,"9":0.1513816711,"10":0.1165570787},"lower rmse":{"0":1.6974483728,"1":1.6272029638,"2":1.679618454,"3":1.7456856728,"4":1.798883009,"5":1.7934912443,"6":1.8386374235,"7":1.9389597654,"8":2.0457782984,"9":2.1490740776,"10":2.2160624981},"lower rmse std":{"0":0.0861398601,"1":0.0771952278,"2":0.1105002223,"3":0.1388724362,"4":0.1324681845,"5":0.1934198927,"6":0.1490644538,"7":0.1712687498,"8":0.1196832908,"9":0.1531146247,"10":0.1154654116},"upper rmse":{"0":0.3318440914,"1":0.3313767195,"2":0.325614512,"3":0.3127148539,"4":0.297777015,"5":0.298969546,"6":0.284233287,"7":0.2665206224,"8":0.2756061524,"9":0.2677435547,"10":0.2948217392},"upper rmse std":{"0":0.0300419479,"1":0.02894981,"2":0.0235765682,"3":0.0481636926,"4":0.0486769186,"5":0.0500340702,"6":0.0310728847,"7":0.027644907,"8":0.02879116,"9":0.0552216984,"10":0.0318762051}}