{"x noise":{"0":0.0,"1":0.1,"2":0.2,"3":0.3,"4":0.4,"5":0.5,"6":0.6,"7":0.7,"8":0.8,"9":0.9,"10":1.0,"11":1.1,"12":1.2,"13":1.3,"14":1.4,"15":1.5,"16":1.6,"17":1.7,"18":1.8,"19":1.9,"20":2.0},"y noise":{"0":0,"1":0,"2":0,"3":0,"4":0,"5":0,"6":0,"7":0,"8":0,"9":0,"10":0,"11":0,"12":0,"13":0,"14":0,"15":0,"16":0,"17":0,"18":0,"19":0,"20":0},"omit?":{"0":false,"1":false,"2":false,"3":false,"4":false,"5":false,"6":false,"7":false,"8":false,"9":false,"10":false,"11":false,"12":false,"13":false,"14":false,"15":false,"16":false,"17":false,"18":false,"19":false,"20":false},"% omitted":{"0":null,"1":null,"2":null,"3":null,"4":null,"5":null,"6":null,"7":null,"8":null,"9":null,"10":null,"11":null,"12":null,"13":null,"14":null,"15":null,"16":null,"17":null,"18":null,"19":null,"20":null},"overall RMSE":{"0":0.3816818178,"1":0.3870765388,"2":0.3992763579,"3":0.419382602,"4":0.4511419415,"5":0.4836595356,"6":0.5231765449,"7":0.5649469495,"8":0.6154836535,"9":0.6835071683,"10":0.74563241,"11":0.8141472459,"12":0.8704085231,"13":0.9326789021,"14":0.994966948,"15":1.0417791605,"16":1.0839430094,"17":1.1056252122,"18":1.151047194,"19":1.1779723406,"20":1.2077219486},"overall RMSE std":{"0":0.0180833428,"1":0.01984007,"2":0.0173869507,"3":0.0164566794,"4":0.0225782728,"5":0.0240966361,"6":0.0331353371,"7":0.0417753522,"8":0.0515899237,"9":0.0560694761,"10":0.0665908306,"11":0.0759254424,"12":0.0834832057,"13":0.0902130387,"14":0.1035485128,"15":0.1128630963,"16":0.1194626864,"17":0.1076260815,"18":0.132665803,"19":0.1397189546,"20":0.1436545672},"s=0 RMSE":{"0":0.3754979193,"1":0.3871566296,"2":0.4065004468,"3":0.4285504639,"4":0.4571116924,"5":0.4931791782,"6":0.5229586184,"7":0.5500873387,"8":0.5704715014,"9":0.5908447027,"10":0.6104176641,"11":0.6092928767,"12":0.6236197233,"13":0.6256414771,"14":0.6288957834,"15":0.6332997203,"16":0.629985702,"17":0.6466453314,"18":0.6454308391,"19":0.6460147381,"20":0.6498464465},"s=0 RMSE std":{"0":0.0215784815,"1":0.0253286278,"2":0.0119048206,"3":0.0080257828,"4":0.0158313658,"5":0.0178788505,"6":0.0285286168,"7":0.0369312644,"8":0.0429630469,"9":0.0519223724,"10":0.0585463809,"11":0.0445518985,"12":0.0502243512,"13":0.0475292064,"14":0.0356661115,"15":0.0321209654,"16":0.0232999312,"17":0.0234392073,"18":0.0254467834,"19":0.0225315474,"20":0.0128712657},"s=1 RMSE":{"0":0.3872084141,"1":0.3858740747,"2":0.3908687115,"3":0.4095602334,"4":0.4439635038,"5":0.4730270267,"6":0.520960778,"7":0.5750143409,"8":0.6524201393,"9":0.7589315414,"10":0.8530922532,"11":0.9715819478,"12":1.0560229063,"13":1.156855154,"14":1.2548835278,"15":1.3266175508,"16":1.3940967083,"17":1.421202755,"18":1.4913898468,"19":1.5328578711,"20":1.5768850088},"s=1 RMSE std":{"0":0.0178827959,"1":0.0217205352,"2":0.0305886137,"3":0.0282036095,"4":0.0413256732,"5":0.0464102028,"6":0.0672503341,"7":0.0891384529,"8":0.1051504152,"9":0.1164363732,"10":0.142134775,"11":0.1461763233,"12":0.156602584,"13":0.1588783683,"14":0.1741432636,"15":0.1864141217,"16":0.1947835948,"17":0.1786434846,"18":0.2143425064,"19":0.2220974422,"20":0.2261002398}}