{"x noise":{"0":0,"1":0,"2":0,"3":0,"4":0,"5":0,"6":0,"7":0,"8":0,"9":0,"10":0},"y noise":{"0":0.0,"1":1.0,"2":2.0,"3":3.0,"4":4.0,"5":5.0,"6":6.0,"7":7.0,"8":8.0,"9":9.0,"10":10.0},"omit?":{"0":false,"1":false,"2":false,"3":false,"4":false,"5":false,"6":false,"7":false,"8":false,"9":false,"10":false},"% omitted":{"0":null,"1":null,"2":null,"3":null,"4":null,"5":null,"6":null,"7":null,"8":null,"9":null,"10":null},"overall RMSE":{"0":0.3816818178,"1":0.552621305,"2":0.7250572324,"3":0.8583190799,"4":0.9102308393,"5":0.9554719567,"6":1.0201831579,"7":1.0960541368,"8":1.1464708209,"9":1.18596313,"10":1.23989923},"overall RMSE std":{"0":0.0180833428,"1":0.0298681847,"2":0.0294949995,"3":0.0475952807,"4":0.0744689336,"5":0.0924738797,"6":0.1027867716,"7":0.1382035137,"8":0.1589568865,"9":0.172318855,"10":0.1823308544},"s=0 RMSE":{"0":0.3754979193,"1":0.5658233404,"2":0.7311209798,"3":0.8615820527,"4":0.8988452792,"5":0.9408289194,"6":1.0024716377,"7":1.0683137059,"8":1.1171140194,"9":1.1545346498,"10":1.2060865164},"s=0 RMSE std":{"0":0.0215784815,"1":0.0299937499,"2":0.0429671326,"3":0.0628528073,"4":0.069512159,"5":0.0928001566,"6":0.1025757418,"7":0.1256607583,"8":0.144827526,"9":0.1506316657,"10":0.1613670608},"s=1 RMSE":{"0":0.3872084141,"1":0.5395191431,"2":0.7188634157,"3":0.8539357662,"4":0.9199317217,"5":0.9683346033,"6":1.0358802795,"7":1.1210287333,"8":1.1731015086,"9":1.2140933514,"10":1.2701370239},"s=1 RMSE std":{"0":0.0178827959,"1":0.0361021981,"2":0.0211769567,"3":0.0419385368,"4":0.0856818175,"5":0.0964802543,"6":0.107695693,"7":0.1550472239,"8":0.1760243038,"9":0.1972905755,"10":0.2072198928}}