{"x noise":{"0":0,"1":0,"2":0,"3":0,"4":0,"5":0,"6":0,"7":0,"8":0,"9":0,"10":0},"y noise":{"0":0.0,"1":1.0,"2":2.0,"3":3.0,"4":4.0,"5":5.0,"6":6.0,"7":7.0,"8":8.0,"9":9.0,"10":10.0},"omit?":{"0":false,"1":false,"2":false,"3":false,"4":false,"5":false,"6":false,"7":false,"8":false,"9":false,"10":false},"% omitted":{"0":null,"1":null,"2":null,"3":null,"4":null,"5":null,"6":null,"7":null,"8":null,"9":null,"10":null},"overall RMSE":{"0":0.3816818178,"1":0.6429004192,"2":0.82128824,"3":0.9396875262,"4":0.9931580663,"5":1.0687589407,"6":1.1504357338,"7":1.1904360533,"8":1.2694377184,"9":1.3450117111,"10":1.4225425959},"overall RMSE std":{"0":0.0180833428,"1":0.03542496,"2":0.0401828888,"3":0.0408278708,"4":0.0665956459,"5":0.0815633284,"6":0.0932670233,"7":0.0621360089,"8":0.0666049512,"9":0.0690922166,"10":0.074875758},"s=0 RMSE":{"0":0.4041089058,"1":0.6890805125,"2":0.8793291807,"3":1.0261088729,"4":1.1001378894,"5":1.164631331,"6":1.2354180574,"7":1.2589401484,"8":1.3245993614,"9":1.3902491808,"10":1.4570330858},"s=0 RMSE std":{"0":0.016454927,"1":0.0453039822,"2":0.0837346341,"3":0.1224292521,"4":0.0963120318,"5":0.1265139709,"6":0.1428959654,"7":0.0884291016,"8":0.0921625107,"9":0.0985947048,"10":0.1021682268},"s=1 RMSE":{"0":0.3788575828,"1":0.6373369098,"2":0.8135734797,"3":0.9276201963,"4":0.9796639919,"5":1.056648767,"6":1.1396720171,"7":1.1816220999,"8":1.2622208357,"9":1.3389144421,"10":1.4176767826},"s=1 RMSE std":{"0":0.0201874958,"1":0.0353485417,"2":0.04185942,"3":0.0461490218,"4":0.0661556432,"5":0.078827902,"6":0.0901562976,"7":0.066244261,"8":0.0713188753,"9":0.0745175301,"10":0.0812396677}}