{"omit frac":{"0":0.0,"1":0.1,"2":0.2,"3":0.3,"4":0.4,"5":0.5,"6":0.6,"7":0.7,"8":0.8,"9":0.9,"10":1.0},"overall rmse":{"0":0.8548130989,"1":1.2602183342,"2":1.2583526134,"3":1.2594477892,"4":1.2822202921,"5":1.2071972609,"6":1.2616730213,"7":1.2255067825,"8":1.2222129345,"9":1.2494272232,"10":1.146000576},"overall rmse std":{"0":0.0542840229,"1":0.0792283399,"2":0.0586847122,"3":0.0336905752,"4":0.0825936032,"5":0.0306389582,"6":0.0476303338,"7":0.03320172,"8":0.0434237965,"9":0.0246304739,"10":0.0099789388},"lower rmse":{"0":0.8655691981,"1":0.7792827129,"2":0.7774970889,"3":0.7759860396,"4":0.7778368354,"5":0.755196774,"6":0.7573365092,"7":0.7734921098,"8":0.7564306617,"9":0.7710721493,"10":0.7407519937},"lower rmse std":{"0":0.0304442943,"1":0.0217368096,"2":0.0156203472,"3":0.0241030563,"4":0.0387217851,"5":0.0210359026,"6":0.0178228405,"7":0.0120226762,"8":0.0249474782,"9":0.0167712273,"10":0.0177008011},"upper rmse":{"0":0.8404133439,"1":1.6112060308,"2":1.6092628002,"3":1.6119728565,"4":1.6471030951,"5":1.5393337727,"6":1.6245107412,"7":1.5593008518,"8":1.5626327515,"9":1.598430109,"10":1.4490759373},"upper rmse std":{"0":0.1019560737,"1":0.1171116497,"2":0.0882370087,"3":0.0451135646,"4":0.1123173054,"5":0.0440362333,"6":0.0695334701,"7":0.0479904784,"8":0.0591563015,"9":0.0395249336,"10":0.0119221081},"overall corr":{"0":0.74583344,"1":0.6086379654,"2":0.5999435021,"3":0.6228351423,"4":0.5829927458,"5":0.6251165716,"6":0.6345062482,"7":0.6351289877,"8":0.6354219482,"9":0.6158008125,"10":0.6409328843},"overall corr std":{"0":0.0189286795,"1":0.0472871375,"2":0.0426995551,"3":0.0394571168,"4":0.0655718791,"5":0.0264346767,"6":0.0296644617,"7":0.0143164605,"8":0.0328204558,"9":0.0106002023,"10":0.0170101448},"lower corr":{"0":0.5614382055,"1":0.4529029861,"2":0.458092619,"3":0.4710331088,"4":0.4638805828,"5":0.4938652756,"6":0.488375516,"7":0.4733853549,"8":0.4933619797,"9":0.4751033239,"10":0.542654613},"lower corr std":{"0":0.0266196086,"1":0.0470633978,"2":0.0306723473,"3":0.040705531,"4":0.0706816307,"5":0.0405961605,"6":0.0289557327,"7":0.0156807114,"8":0.0544378626,"9":0.0278375231,"10":0.0315438391},"upper corr":{"0":0.3718512434,"1":0.2718022402,"2":0.2337026542,"3":0.2570090615,"4":0.2421194618,"5":0.2672666886,"6":0.273452187,"7":0.2510182259,"8":0.2626088148,"9":0.2435791511,"10":0.1953304876},"upper corr std":{"0":0.0230404102,"1":0.0354477963,"2":0.0193178121,"3":0.0663974356,"4":0.0371154685,"5":0.0446287586,"6":0.0283147858,"7":0.0083580341,"8":0.0243851857,"9":0.0441290949,"10":0.0208409672}}