{"omit frac":{"0":0.0,"1":0.1,"2":0.2,"3":0.3,"4":0.4,"5":0.5,"6":0.6,"7":0.7,"8":0.8,"9":0.9,"10":1.0},"overall rmse":{"0":0.895189631,"1":0.9291867256,"2":0.9353139997,"3":0.9694293976,"4":0.9728151679,"5":0.974786067,"6":0.9740045309,"7":0.9199972153,"8":0.9078160882,"9":0.9124457717,"10":0.8951919317},"overall rmse std":{"0":0.0774199324,"1":0.103096619,"2":0.0771180254,"3":0.0772598452,"4":0.0851023494,"5":0.0823543106,"6":0.0877453777,"7":0.0353864208,"8":0.0610671299,"9":0.0872868795,"10":0.0970749471},"lower rmse":{"0":1.6544003963,"1":1.6284882069,"2":1.6859684229,"3":1.8048983574,"4":1.8163606167,"5":1.8477944136,"6":1.7780450106,"7":1.7702978611,"8":1.6628674746,"9":1.7961462975,"10":1.6623543978},"lower rmse std":{"0":0.078641392,"1":0.1002181529,"2":0.1433354281,"3":0.1566157219,"4":0.2483133808,"5":0.1190549986,"6":0.1682038707,"7":0.0623444405,"8":0.1290403114,"9":0.1142284541,"10":0.1970137077},"upper rmse":{"0":0.7712126732,"1":0.8165155053,"2":0.8081646204,"3":0.8264369607,"4":0.8260854959,"5":0.8255698442,"6":0.8341921926,"7":0.7763716698,"8":0.7835270286,"9":0.7607908487,"10":0.7678086996},"upper rmse std":{"0":0.0949520245,"1":0.1354420259,"2":0.0999949311,"3":0.1087216592,"4":0.0951089555,"5":0.1019084755,"6":0.1153839791,"7":0.0467555011,"8":0.0821742453,"9":0.0924183231,"10":0.0849821965}}