{"similarity scores":{"0":"1.0-1.0","1":"0.8-1.0","2":"0.7-0.8","3":"0.6-0.7","4":"0.5-0.6","5":"0.4-0.5","6":"0.35-0.4","7":"0.3-0.35","8":"0.25-0.3","9":"0.2-0.25","10":"0.15-0.2","11":"0.1-0.15","12":"0.05-0.1","13":"0-0.05"},"overall rmse":{"0":0.8548130989,"1":0.8466911793,"2":0.8355403543,"3":0.8564356565,"4":0.8561696649,"5":0.8724005103,"6":0.871245265,"7":0.8949059129,"8":0.8875578523,"9":0.892812407,"10":0.9026770115,"11":0.9127236724,"12":0.9471030951,"13":0.944629693},"overall rmse std":{"0":0.0542840229,"1":0.0070323142,"2":0.0195628809,"3":0.0086811952,"4":0.0081313555,"5":0.0204744828,"6":0.0168632778,"7":0.0154456889,"8":0.0156712865,"9":0.0086076255,"10":0.0173417624,"11":0.0240765823,"12":0.0173064969,"13":0.0234206497},"lower rmse":{"0":0.8075299144,"1":0.8094261289,"2":0.7799535871,"3":0.8092940569,"4":0.8053494096,"5":0.8048828602,"6":0.8035600901,"7":0.8367683411,"8":0.8197160721,"9":0.8273211002,"10":0.8303925276,"11":0.840344739,"12":0.8679919481,"13":0.8809557915},"lower rmse std":{"0":0.045035642,"1":0.0073566938,"2":0.0235357389,"3":0.014179546,"4":0.0098820527,"5":0.010733904,"6":0.0120989504,"7":0.0245598868,"8":0.0135265479,"9":0.0176540671,"10":0.0247800845,"11":0.0221686351,"12":0.0219546117,"13":0.0207349465},"upper rmse":{"0":1.1486436129,"1":1.0809674144,"2":1.168159461,"3":1.146961236,"4":1.16494596,"5":1.2604955435,"6":1.2606365681,"7":1.244352746,"8":1.2842598915,"9":1.2716183186,"10":1.3122696161,"11":1.3226758003,"12":1.3898560286,"13":1.3091276407},"upper rmse std":{"0":0.1147709025,"1":0.0673004248,"2":0.0678625998,"3":0.0382781661,"4":0.0210828502,"5":0.0799287355,"6":0.0797419333,"7":0.0523770945,"8":0.0976655153,"9":0.0642068961,"10":0.1123946513,"11":0.0701159119,"12":0.0672973135,"13":0.0908806458},"overall corr":{"0":0.74583344,"1":0.7420041325,"2":0.7489738178,"3":0.7313598586,"4":0.7298317347,"5":0.7181474495,"6":0.7175502303,"7":0.6983497551,"8":0.7103393152,"9":0.7019166949,"10":0.6930991951,"11":0.6885025294,"12":0.6581430875,"13":0.6665381719},"overall corr std":{"0":0.0189286795,"1":0.0078011422,"2":0.0153785056,"3":0.0067508081,"4":0.0057433567,"5":0.0157252421,"6":0.0090448388,"7":0.0103493032,"8":0.010395194,"9":0.0111851894,"10":0.013571294,"11":0.0123959398,"12":0.0129879337,"13":0.022066404},"lower corr":{"0":0.7239680198,"1":0.7283619045,"2":0.7337372537,"3":0.7188443891,"4":0.7148277558,"5":0.7102186585,"6":0.7109501296,"7":0.6855964694,"8":0.7050300118,"9":0.6927200945,"10":0.6904654676,"11":0.6821383352,"12":0.6573957883,"13":0.6544856163},"lower corr std":{"0":0.0219962948,"1":0.0111189707,"2":0.0235403228,"3":0.0032863912,"4":0.0076636515,"5":0.0136388195,"6":0.0099356601,"7":0.0153870201,"8":0.0103021507,"9":0.0122143519,"10":0.0131920997,"11":0.0123073527,"12":0.0066411259,"13":0.0192029347},"upper corr":{"0":0.0869336424,"1":0.0833417929,"2":0.0912656306,"3":0.0784002788,"4":0.0664492159,"5":0.0693118111,"6":0.0080326816,"7":0.0066721326,"8":0.0544328466,"9":0.018775577,"10":-0.0219538196,"11":0.0032870865,"12":-0.0461171708,"13":-0.0961091853},"upper corr std":{"0":0.068402086,"1":0.0273673671,"2":0.0381274379,"3":0.0543484712,"4":0.0494037285,"5":0.0573455101,"6":0.0246034848,"7":0.0789431005,"8":0.0750376867,"9":0.0396812915,"10":0.0469797613,"11":0.0658439408,"12":0.0306809304,"13":0.0567700215}}