{"y noise level":{"0":0.0,"1":0.2,"2":0.4,"3":0.6,"4":0.8,"5":1.0,"6":1.2,"7":1.4,"8":1.6,"9":1.8,"10":2.0,"11":2.2,"12":2.4,"13":2.6,"14":2.8,"15":3.0,"16":3.2,"17":3.4,"18":3.6,"19":3.8,"20":4.0,"21":4.2,"22":4.4,"23":4.6,"24":4.8,"25":5.0},"overall rmse":{"0":0.8548130989,"1":0.828925252,"2":0.848130393,"3":0.8679933548,"4":0.9024765611,"5":0.90001508,"6":0.9325568914,"7":0.9632017732,"8":0.9703265071,"9":1.0034994841,"10":1.019998455,"11":1.0395086527,"12":1.0510127306,"13":1.0938879728,"14":1.0749558687,"15":1.1149837017,"16":1.1121008873,"17":1.1276960135,"18":1.1498284817,"19":1.1507816792,"20":1.1632110834,"21":1.1987939358,"22":1.1999346972,"23":1.2401421309,"24":1.221143508,"25":1.2186936378},"overall rmse std":{"0":0.0542840229,"1":0.0183278349,"2":0.0179984533,"3":0.0169376406,"4":0.0317779867,"5":0.0238508061,"6":0.0141403913,"7":0.0158253468,"8":0.0431325167,"9":0.0441047337,"10":0.0393071261,"11":0.0486135354,"12":0.0455169853,"13":0.0556020291,"14":0.0506358315,"15":0.0642017559,"16":0.0514475514,"17":0.0812349781,"18":0.0616431426,"19":0.0664325612,"20":0.054480345,"21":0.0821993688,"22":0.0543990479,"23":0.1039981357,"24":0.0812681185,"25":0.0532923942},"lower rmse":{"0":1.1969996929,"1":1.2810393333,"2":1.2684477329,"3":1.3495289564,"4":1.3950079918,"5":1.3923197269,"6":1.4264173746,"7":1.4789136648,"8":1.4581021309,"9":1.4795199394,"10":1.6438643217,"11":1.6009817839,"12":1.6139379025,"13":1.6615883827,"14":1.6792549849,"15":1.7545740843,"16":1.7323493004,"17":1.7930279255,"18":1.8397397518,"19":1.8217606306,"20":1.9038695097,"21":1.9609244347,"22":1.9429099083,"23":1.9702791452,"24":1.917394042,"25":2.0407111645},"lower rmse std":{"0":0.1094333261,"1":0.0890809251,"2":0.1336054639,"3":0.1246359686,"4":0.1613859277,"5":0.1733553927,"6":0.2230118232,"7":0.2546033986,"8":0.2254361728,"9":0.2793038245,"10":0.2943160012,"11":0.2915857836,"12":0.2614439634,"13":0.3020919515,"14":0.2146074399,"15":0.1764245454,"16":0.2801076333,"17":0.2646289124,"18":0.2366024768,"19":0.1959184887,"20":0.2848967865,"21":0.3624551354,"22":0.3260096148,"23":0.3377292257,"24":0.4245001077,"25":0.2702124429},"upper rmse":{"0":0.7972677588,"1":0.7504377365,"2":0.7759183764,"3":0.7830325246,"4":0.8156839132,"5":0.8123461604,"6":0.8431326032,"7":0.8691583037,"8":0.8823423862,"9":0.9161413431,"10":0.8997171521,"11":0.935316968,"12":0.9476356387,"13":0.9892437696,"14":0.964914,"15":1.0001750827,"16":0.9983164072,"17":1.0051499844,"18":1.0231568813,"19":1.0307303905,"20":1.0247855067,"21":1.0542128086,"22":1.0606244445,"23":1.0997203469,"24":1.0910628319,"25":1.0630110145},"upper rmse std":{"0":0.0791032504,"1":0.01503222,"2":0.0233831028,"3":0.0284484995,"4":0.0298717252,"5":0.0356230508,"6":0.0476978495,"7":0.0416320347,"8":0.0755373943,"9":0.0855253501,"10":0.0838774797,"11":0.0784813625,"12":0.081016542,"13":0.0886540942,"14":0.0816460797,"15":0.0815950342,"16":0.0731441509,"17":0.095101652,"18":0.0786684317,"19":0.0675777455,"20":0.0513369432,"21":0.0754612842,"22":0.0569980076,"23":0.1536346621,"24":0.0549182184,"25":0.0573802653},"overall corr":{"0":0.74583344,"1":0.7572042218,"2":0.7381606846,"3":0.730153774,"4":0.7067631427,"5":0.7054388648,"6":0.6901848377,"7":0.6687225551,"8":0.6662715443,"9":0.6393515677,"10":0.6232312155,"11":0.612264562,"12":0.5978149044,"13":0.5686060867,"14":0.5703736911,"15":0.5391759339,"16":0.5417782092,"17":0.5201359031,"18":0.485836026,"19":0.4899763574,"20":0.4641688448,"21":0.4470974066,"22":0.436331235,"23":0.4079968714,"24":0.447777768,"25":0.4146809701},"overall corr std":{"0":0.0189286795,"1":0.0099339852,"2":0.009782022,"3":0.0119703172,"4":0.0158676124,"5":0.014320536,"6":0.016898816,"7":0.0118720776,"8":0.0159489109,"9":0.0262238082,"10":0.0274759902,"11":0.0349730896,"12":0.020899459,"13":0.03043286,"14":0.0153824641,"15":0.0235767321,"16":0.0307581656,"17":0.0246509874,"18":0.0263500142,"19":0.0304544031,"20":0.0543618247,"21":0.059774158,"22":0.0393174966,"23":0.0350045776,"24":0.0630153936,"25":0.0269507835},"lower corr":{"0":0.4787467871,"1":0.4432016057,"2":0.5273349759,"3":0.5252389722,"4":0.5418875403,"5":0.5131516557,"6":0.5420070016,"7":0.4893788472,"8":0.5380321967,"9":0.5142268079,"10":0.4692876203,"11":0.4482624228,"12":0.4471981308,"13":0.465008732,"14":0.4691138583,"15":0.4100456512,"16":0.4066681531,"17":0.3945048157,"18":0.3657472109,"19":0.3560599815,"20":0.3441464269,"21":0.3123588479,"22":0.3313640625,"23":0.3218071546,"24":0.3898892635,"25":0.2668983744},"lower corr std":{"0":0.0634548947,"1":0.0439447587,"2":0.0373409427,"3":0.0410783677,"4":0.0412107327,"5":0.0638688458,"6":0.0467447813,"7":0.063501939,"8":0.0195785332,"9":0.0249234255,"10":0.0168485484,"11":0.0436076511,"12":0.0588509997,"13":0.048943786,"14":0.084916572,"15":0.0721091503,"16":0.077968529,"17":0.1052925795,"18":0.0724789941,"19":0.0933598351,"20":0.0977390851,"21":0.1010103132,"22":0.0803699531,"23":0.1211195628,"24":0.05287929,"25":0.1099370619},"upper corr":{"0":0.6827832031,"1":0.69726541,"2":0.6703873466,"3":0.6664565745,"4":0.6389160625,"5":0.6336472454,"6":0.620836837,"7":0.5961920577,"8":0.5886715868,"9":0.5609108958,"10":0.5471028399,"11":0.5356349057,"12":0.5176888599,"13":0.4881615151,"14":0.4851752863,"15":0.4583587012,"16":0.4628250311,"17":0.4410839735,"18":0.4051420924,"19":0.4105317242,"20":0.3856767535,"21":0.3776916348,"22":0.3605234567,"23":0.3318561758,"24":0.3730720018,"25":0.3488257765},"upper corr std":{"0":0.0209124546,"1":0.0090417324,"2":0.0132295553,"3":0.0137612003,"4":0.0203542543,"5":0.0166184613,"6":0.0205701379,"7":0.0119328462,"8":0.0257515597,"9":0.033396954,"10":0.0359637874,"11":0.0399986965,"12":0.0326204829,"13":0.0326339083,"14":0.0204702773,"15":0.0361356674,"16":0.0360027465,"17":0.0316503657,"18":0.0353920658,"19":0.0428394137,"20":0.0426924165,"21":0.0633060078,"22":0.0361429939,"23":0.0394266339,"24":0.0498858345,"25":0.0277791674}}