{"similarity scores":{"0":"1.0-1.0","1":"0.8-1.0","2":"0.7-0.8","3":"0.6-0.7","4":"0.5-0.6","5":"0.4-0.5","6":"0.35-0.4","7":"0.3-0.35","8":"0.25-0.3","9":"0.2-0.25","10":"0.15-0.2","11":"0.1-0.15","12":"0.05-0.1","13":"0-0.05"},"overall rmse":{"0":0.8548130989,"1":0.9099231243,"2":0.926512599,"3":0.9297178268,"4":0.9677433968,"5":0.9887631178,"6":1.0638171196,"7":1.0861084223,"8":1.1449393511,"9":1.1766289234,"10":1.2935601473,"11":1.4512087822,"12":1.8261424065,"13":2.5543708324},"overall rmse std":{"0":0.0542840229,"1":0.0183128551,"2":0.0180491566,"3":0.0146086003,"4":0.0181459493,"5":0.0259099117,"6":0.0306230137,"7":0.0310709806,"8":0.0301275141,"9":0.0324746873,"10":0.0773740993,"11":0.0277214854,"12":0.0967478632,"13":0.09538378},"lower rmse":{"0":1.1969996929,"1":1.4036750555,"2":1.4124876738,"3":1.4678981781,"4":1.4977785587,"5":1.5439022303,"6":1.5054482937,"7":1.5719588995,"8":1.5058703423,"9":1.5655888081,"10":1.4669396639,"11":1.5203916788,"12":1.2265893698,"13":0.8205328465},"lower rmse std":{"0":0.1094333261,"1":0.0601582812,"2":0.0615392868,"3":0.1263377494,"4":0.1327902465,"5":0.0729007886,"6":0.0790323228,"7":0.05500757,"8":0.089833007,"9":0.0782083133,"10":0.0843272406,"11":0.0763957073,"12":0.1038643011,"13":0.0454303177},"upper rmse":{"0":0.7972677588,"1":0.8247944474,"2":0.8434736371,"3":0.8335152984,"4":0.8750000477,"5":0.8911542892,"6":0.991512692,"7":1.005656755,"8":1.0887630939,"9":1.1156929493,"10":1.2677785873,"11":1.4416177511,"12":1.8887780666,"13":2.6980580807},"upper rmse std":{"0":0.0791032504,"1":0.01366516,"2":0.0136575203,"3":0.0362250021,"4":0.0194342372,"5":0.0463870291,"6":0.0495336555,"7":0.0484790714,"8":0.0448509255,"9":0.0495853359,"10":0.1006002946,"11":0.0365072639,"12":0.1124886582,"13":0.1016631785},"overall corr":{"0":0.74583344,"1":0.6867717582,"2":0.6778645888,"3":0.6697369256,"4":0.6446965755,"5":0.6242318505,"6":0.5717631155,"7":0.5520675951,"8":0.5194279941,"9":0.4841118438,"10":0.4161657092,"11":0.251950009,"12":0.1707964628,"13":-0.0677908079},"overall corr std":{"0":0.0189286795,"1":0.0171433725,"2":0.0172925773,"3":0.0149361723,"4":0.0268599764,"5":0.0171789592,"6":0.026553007,"7":0.0165129311,"8":0.0192965792,"9":0.0297657574,"10":0.0317702332,"11":0.0370534072,"12":0.0450868464,"13":0.038976472},"lower corr":{"0":0.4787467871,"1":0.4693853614,"2":0.4594917897,"3":0.4614574719,"4":0.4014987347,"5":0.4141833579,"6":0.4158449567,"7":0.3087098467,"8":0.3815378292,"9":0.3431690159,"10":0.2750977671,"11":0.1372285099,"12":0.1254778572,"13":0.0101433546},"lower corr std":{"0":0.0634548947,"1":0.0603854989,"2":0.0403464738,"3":0.0409708458,"4":0.1101000231,"5":0.0270501785,"6":0.0608140339,"7":0.0590612711,"8":0.0744733068,"9":0.0177116382,"10":0.043935705,"11":0.0654695935,"12":0.072252898,"13":0.0803125154},"upper corr":{"0":0.6827832031,"1":0.6185858126,"2":0.6043220829,"3":0.5966264246,"4":0.5704689025,"5":0.5538286849,"6":0.490967591,"7":0.4739607503,"8":0.4400401758,"9":0.4099267683,"10":0.3445328461,"11":0.1816745332,"12":0.1295209925,"13":-0.0649840205},"upper corr std":{"0":0.0209124546,"1":0.0188504387,"2":0.0216128976,"3":0.0195551022,"4":0.0291604051,"5":0.0179336426,"6":0.0245450859,"7":0.0277305673,"8":0.0173429497,"9":0.0308330982,"10":0.0372800415,"11":0.0420019376,"12":0.0402262151,"13":0.033691436}}