{"omit frac":{"0":0.0,"1":0.1,"2":0.2,"3":0.3,"4":0.4,"5":0.5,"6":0.6,"7":0.7,"8":0.8,"9":0.9,"10":1.0},"overall rmse":{"0":0.8548130989,"1":1.2683807135,"2":1.2642508984,"3":1.2576226711,"4":1.2906638145,"5":1.2053287029,"6":1.2600799322,"7":1.2340029001,"8":1.2271062136,"9":1.2494272232,"10":1.146000576},"overall rmse std":{"0":0.0542840229,"1":0.0730702988,"2":0.052020777,"3":0.0354324349,"4":0.0719696172,"5":0.0284671166,"6":0.0482352272,"7":0.0306472707,"8":0.0369563766,"9":0.0246304739,"10":0.0099789388},"lower rmse":{"0":0.8655691981,"1":0.7816409588,"2":0.7811763525,"3":0.7754203916,"4":0.7789326787,"5":0.7531749725,"6":0.7596891761,"7":0.7770179749,"8":0.7594685316,"9":0.7710721493,"10":0.7407519937},"lower rmse std":{"0":0.0304442943,"1":0.0208409567,"2":0.017917385,"3":0.0244845362,"4":0.0358942563,"5":0.0193340801,"6":0.0151751413,"7":0.0148788557,"8":0.0210908823,"9":0.0167712273,"10":0.0177008011},"upper rmse":{"0":0.8404133439,"1":1.6230283737,"2":1.6167937279,"3":1.6093579769,"4":1.659949398,"5":1.5374156713,"6":1.620791316,"7":1.5710876703,"8":1.5688846588,"9":1.598430109,"10":1.4490759373},"upper rmse std":{"0":0.1019560737,"1":0.108188025,"2":0.078757657,"3":0.0475997928,"4":0.0966425297,"5":0.0405274309,"6":0.0727283531,"7":0.0420582359,"8":0.0512705186,"9":0.0395249336,"10":0.0119221081},"overall corr":{"0":0.74583344,"1":0.6013379961,"2":0.5976209165,"3":0.619909317,"4":0.5834011665,"5":0.6276174921,"6":0.632238399,"7":0.6308444054,"8":0.634264602,"9":0.6158008125,"10":0.6409328843},"overall corr std":{"0":0.0189286795,"1":0.0402477601,"2":0.0418775442,"3":0.0351734089,"4":0.0661220915,"5":0.025649708,"6":0.0278104684,"7":0.0141742468,"8":0.031832678,"9":0.0106002023,"10":0.0170101448},"lower corr":{"0":0.5614382055,"1":0.4520961459,"2":0.4525889182,"3":0.4689328654,"4":0.4600725256,"5":0.4969220045,"6":0.4862657103,"7":0.4696598818,"8":0.4891401328,"9":0.4751033239,"10":0.542654613},"lower corr std":{"0":0.0266196086,"1":0.0463292126,"2":0.0292317865,"3":0.0401072261,"4":0.0632712574,"5":0.039136968,"6":0.0256815276,"7":0.0213692685,"8":0.0495921372,"9":0.0278375231,"10":0.0315438391},"upper corr":{"0":0.3718512434,"1":0.2670057923,"2":0.2375246413,"3":0.2510717244,"4":0.2513672889,"5":0.2618531977,"6":0.269871054,"7":0.2540688648,"8":0.2648969548,"9":0.2435791511,"10":0.1953304876},"upper corr std":{"0":0.0230404102,"1":0.0301687557,"2":0.0213011449,"3":0.0566572691,"4":0.0393058276,"5":0.0432957014,"6":0.0330496668,"7":0.0117092011,"8":0.0233204146,"9":0.0441290949,"10":0.0208409672}}