{"x noise":{"0":0,"1":0,"2":0,"3":0,"4":0,"5":0,"6":0,"7":0,"8":0,"9":0,"10":0},"y noise":{"0":0,"1":0,"2":0,"3":0,"4":0,"5":0,"6":0,"7":0,"8":0,"9":0,"10":0},"omit?":{"0":true,"1":true,"2":true,"3":true,"4":true,"5":true,"6":true,"7":true,"8":true,"9":true,"10":true},"% omitted":{"0":0.0,"1":0.1,"2":0.2,"3":0.3,"4":0.4,"5":0.5,"6":0.6,"7":0.7,"8":0.8,"9":0.9,"10":1.0},"overall RMSE":{"0":0.381790036,"1":0.3866279006,"2":0.3926816523,"3":0.409856391,"4":0.4213505924,"5":0.4501631796,"6":0.482130307,"7":0.5277876198,"8":0.596823132,"9":0.6941974401,"10":1.6299539804},"overall RMSE std":{"0":0.0274683762,"1":0.0244168614,"2":0.018795621,"3":0.0223960192,"4":0.0217714869,"5":0.0330771103,"6":0.0280526772,"7":0.0323609686,"8":0.0347683621,"9":0.0295153027,"10":0.2099112457},"s=0 RMSE":{"0":0.410183394,"1":0.4162827849,"2":0.4081174374,"3":0.4487237453,"4":0.4484561324,"5":0.4627496362,"6":0.5037548959,"7":0.5280146778,"8":0.5981189489,"9":0.6240807295,"10":0.5941566348},"s=0 RMSE std":{"0":0.0274193294,"1":0.0309967304,"2":0.0262417338,"3":0.0169735325,"4":0.0170019761,"5":0.034963926,"6":0.0683012195,"7":0.0765242054,"8":0.0551973447,"9":0.0450888232,"10":0.0684840835},"s=1 RMSE":{"0":0.3781484783,"1":0.3828030705,"2":0.3907517016,"3":0.4050186336,"4":0.4180132926,"5":0.4485379457,"6":0.4789704859,"7":0.5265432179,"8":0.596228838,"9":0.7016159177,"10":1.7077713251},"s=1 RMSE std":{"0":0.0292587417,"1":0.0272030981,"2":0.0190689894,"3":0.0259081044,"4":0.0243829078,"5":0.0337247069,"6":0.0269529485,"7":0.0370243553,"8":0.0365741559,"9":0.0290763141,"10":0.2229750432}}