{"omit frac":{"0":0.0,"1":0.1,"2":0.2,"3":0.3,"4":0.4,"5":0.5,"6":0.6,"7":0.7,"8":0.8,"9":0.9,"10":1.0},"overall rmse":{"0":0.8548130989,"1":0.8610791445,"2":0.8542982459,"3":0.8567770481,"4":0.8478063226,"5":0.8465398073,"6":0.849569273,"7":0.8437829971,"8":0.8591060877,"9":0.8534456611,"10":0.8490168571},"overall rmse std":{"0":0.0542840229,"1":0.0201842615,"2":0.0146809556,"3":0.0132703942,"4":0.0197215715,"5":0.0105756538,"6":0.0151089128,"7":0.0141093053,"8":0.0304216218,"9":0.0131015592,"10":0.0300032593},"lower rmse":{"0":0.8075299144,"1":0.7871503949,"2":0.7763157487,"3":0.7846835613,"4":0.7750389695,"5":0.7702800989,"6":0.7736320496,"7":0.7707269192,"8":0.7863010645,"9":0.7831897855,"10":0.7892237544},"lower rmse std":{"0":0.045035642,"1":0.0251799142,"2":0.0109757456,"3":0.0130853577,"4":0.0184510142,"5":0.013369086,"6":0.0114325926,"7":0.0127530884,"8":0.0368151982,"9":0.0065985289,"10":0.0203073026},"upper rmse":{"0":1.1486436129,"1":1.2893849373,"2":1.2940780163,"3":1.2747827053,"4":1.2574138403,"5":1.2787289381,"6":1.2770148039,"7":1.2588912964,"8":1.2690104961,"9":1.2583374739,"10":1.2004065037},"upper rmse std":{"0":0.1147709025,"1":0.017027334,"2":0.0386751233,"3":0.029244094,"4":0.0543873044,"5":0.0699625854,"6":0.0686472665,"7":0.0973805432,"8":0.0439757917,"9":0.0594514434,"10":0.0915899508},"overall corr":{"0":0.74583344,"1":0.7358443077,"2":0.7382937149,"3":0.7357179669,"4":0.7403961547,"5":0.7406686297,"6":0.7409746173,"7":0.74409146,"8":0.7305846932,"9":0.7365518484,"10":0.732876385},"overall corr std":{"0":0.0189286795,"1":0.0173898036,"2":0.0142838853,"3":0.0064573616,"4":0.0144142799,"5":0.0063018827,"6":0.0087022484,"7":0.0071995888,"8":0.0188312657,"9":0.0063579086,"10":0.0243366173},"lower corr":{"0":0.7239680198,"1":0.7204003211,"2":0.7266742854,"3":0.7219280693,"4":0.7284615149,"5":0.7304076596,"6":0.7308886243,"7":0.7362497767,"8":0.7187780677,"9":0.7250727094,"10":0.7221436083},"lower corr std":{"0":0.0219962948,"1":0.0220334296,"2":0.0128495034,"3":0.0086198503,"4":0.0153771529,"5":0.0095368661,"6":0.0081855667,"7":0.0087322697,"8":0.0233934354,"9":0.0081778458,"10":0.0192379521},"upper corr":{"0":0.0869336424,"1":-0.0121796351,"2":-0.0150966523,"3":-0.0195048313,"4":-0.0040054564,"5":0.0271674435,"6":0.0304980676,"7":-0.0093496931,"8":0.0098721439,"9":0.0055836933,"10":0.0153252246},"upper corr std":{"0":0.068402086,"1":0.063213862,"2":0.0563682351,"3":0.0268094451,"4":0.0670039309,"5":0.0443117158,"6":0.0380712274,"7":0.0356949232,"8":0.0601566161,"9":0.0420863665,"10":0.0493821251}}