{"omit frac":{"0":0.0,"1":0.1,"2":0.2,"3":0.3,"4":0.4,"5":0.5,"6":0.6,"7":0.7,"8":0.8,"9":0.9,"10":1.0},"overall rmse":{"0":1.3745290279,"1":1.4125594378,"2":1.3914943933,"3":1.4310324907,"4":1.4593364954,"5":1.4123044729,"6":1.4705630541,"7":1.4474433422,"8":1.4582541943,"9":1.4883792877,"10":1.5148466825},"overall rmse std":{"0":0.0580298507,"1":0.0927223531,"2":0.0548085784,"3":0.1057300888,"4":0.093345888,"5":0.0724962134,"6":0.1131499265,"7":0.073132322,"8":0.0808623848,"9":0.1019052839,"10":0.1526022478},"lower rmse":{"0":1.8877812386,"1":1.9363838196,"2":1.911151433,"3":1.9662968874,"4":2.0080518723,"5":1.9425160885,"6":2.0233151197,"7":1.991156745,"8":2.0074010134,"9":2.0496121883,"10":2.0819729805},"lower rmse std":{"0":0.0712194059,"1":0.0986933062,"2":0.050276191,"3":0.1163362212,"4":0.0973995262,"5":0.0907492102,"6":0.1297493261,"7":0.0874625093,"8":0.0942805481,"9":0.1290473237,"10":0.2101199562},"upper rmse":{"0":0.4875749469,"1":0.5075261295,"2":0.490697062,"3":0.4953381121,"4":0.4959674895,"5":0.4876881897,"6":0.4998147488,"7":0.4977256894,"8":0.4924991727,"9":0.4989518583,"10":0.5267197549},"upper rmse std":{"0":0.025802661,"1":0.0304742517,"2":0.0159548698,"3":0.0252815507,"4":0.0197951075,"5":0.0068692142,"6":0.0249067571,"7":0.0110170339,"8":0.0106611108,"9":0.0162758917,"10":0.0485225865}}