{"y noise level":{"0":0.0,"1":0.2,"2":0.4,"3":0.6,"4":0.8,"5":1.0,"6":1.2,"7":1.4,"8":1.6,"9":1.8,"10":2.0,"11":2.2,"12":2.4,"13":2.6,"14":2.8,"15":3.0,"16":3.2,"17":3.4,"18":3.6,"19":3.8,"20":4.0,"21":4.2,"22":4.4,"23":4.6,"24":4.8,"25":5.0},"overall rmse":{"0":0.8548130989,"1":0.8178959131,"2":0.8317059278,"3":0.8407660961,"4":0.8478357673,"5":0.8741353035,"6":0.9080859542,"7":0.9135959268,"8":0.9333257556,"9":0.9675131083,"10":0.9614081264,"11":1.008187747,"12":1.0034029603,"13":1.0083988905,"14":1.0326378345,"15":1.0351083398,"16":1.0560964704,"17":1.0608876467,"18":1.0631663918,"19":1.0806723356,"20":1.1152188659,"21":1.127245307,"22":1.1606344461,"23":1.1877868176,"24":1.1576112509,"25":1.2163594007},"overall rmse std":{"0":0.0542840229,"1":0.0045907455,"2":0.0149095158,"3":0.0208254507,"4":0.0097893035,"5":0.0282032084,"6":0.0226016197,"7":0.0294545841,"8":0.0373113394,"9":0.0276661276,"10":0.0358098202,"11":0.0605420487,"12":0.0714219481,"13":0.0460011232,"14":0.0781606403,"15":0.0677974022,"16":0.0758574501,"17":0.0923113341,"18":0.0893572934,"19":0.0945930689,"20":0.106129589,"21":0.1215265218,"22":0.0961572302,"23":0.1440185757,"24":0.1479060662,"25":0.1594430706},"lower rmse":{"0":0.8655691981,"1":0.8691874623,"2":0.8971794724,"3":0.8862396002,"4":0.9056330442,"5":0.9095061183,"6":0.9393090487,"7":0.9319084883,"8":0.9123381495,"9":0.9465977073,"10":0.9662898779,"11":0.9771352053,"12":0.9760316253,"13":0.9610715389,"14":1.0100042224,"15":1.0124293685,"16":1.0267512083,"17":1.010757935,"18":1.0678454041,"19":1.0699679375,"20":1.089631331,"21":1.0940273643,"22":1.140976882,"23":1.1624181628,"24":1.1282293916,"25":1.1979244232},"lower rmse std":{"0":0.0304442943,"1":0.0188403735,"2":0.0129656663,"3":0.0459494003,"4":0.0319067311,"5":0.0558209935,"6":0.0546428477,"7":0.062647496,"8":0.0697642208,"9":0.0908570067,"10":0.0895566116,"11":0.0732848949,"12":0.0951650149,"13":0.1051300144,"14":0.0821201833,"15":0.1012135815,"16":0.1133995025,"17":0.0946757819,"18":0.1300134625,"19":0.1139581344,"20":0.1542413611,"21":0.1744361156,"22":0.1818379745,"23":0.1705341699,"24":0.1587190872,"25":0.1867544358},"upper rmse":{"0":0.8404133439,"1":0.7609969854,"2":0.757915628,"3":0.7892839789,"4":0.7822424173,"5":0.8311038613,"6":0.8684962511,"7":0.8861776114,"8":0.9433172345,"9":0.9728916526,"10":0.9398814321,"11":1.0226426005,"12":1.0139831901,"13":1.037415576,"14":1.0338268995,"15":1.0350658417,"16":1.0578638434,"17":1.0874110818,"18":1.0217997074,"19":1.0681582451,"20":1.0976551414,"21":1.1202923656,"22":1.1314453959,"23":1.1540126681,"24":1.1339373946,"25":1.1797537923},"upper rmse std":{"0":0.1019560737,"1":0.0217590674,"2":0.033157883,"3":0.0426210267,"4":0.0422589019,"5":0.0828792871,"6":0.0945787914,"7":0.1108743142,"8":0.1375676787,"9":0.1543273046,"10":0.1599819453,"11":0.1897140748,"12":0.1882472035,"13":0.1716672702,"14":0.2248809144,"15":0.2159974185,"16":0.2400011574,"17":0.2407229894,"18":0.2734872263,"19":0.2353112307,"20":0.3086937695,"21":0.3003453476,"22":0.313362546,"23":0.3906419702,"24":0.3765944391,"25":0.3862659331},"overall corr":{"0":0.74583344,"1":0.7598787586,"2":0.7513625814,"3":0.7449009642,"4":0.7347141896,"5":0.7262001667,"6":0.7035406435,"7":0.7017973353,"8":0.6964521979,"9":0.6837900352,"10":0.680934734,"11":0.6566438438,"12":0.6546556614,"13":0.6509894793,"14":0.6420202571,"15":0.6350551881,"16":0.6266955925,"17":0.6263477829,"18":0.6181017482,"19":0.606107912,"20":0.6024425073,"21":0.5935662266,"22":0.5652469612,"23":0.5618795912,"24":0.5672346901,"25":0.5656145687},"overall corr std":{"0":0.0189286795,"1":0.0053311372,"2":0.0116845445,"3":0.0096950977,"4":0.0083391131,"5":0.0196912055,"6":0.0192450361,"7":0.0268865602,"8":0.0197959047,"9":0.0237788443,"10":0.0180734892,"11":0.0289476144,"12":0.030870767,"13":0.0195339621,"14":0.0208641159,"15":0.0221833548,"16":0.0319704734,"17":0.0150393586,"18":0.0160164756,"19":0.0160092048,"20":0.0188027722,"21":0.0309175819,"22":0.0262077011,"23":0.0191580841,"24":0.0565231553,"25":0.0180757403},"lower corr":{"0":0.5614382055,"1":0.5793382105,"2":0.5553894499,"3":0.5436976561,"4":0.5484511457,"5":0.5176270436,"6":0.5138818248,"7":0.5187187678,"8":0.5014644088,"9":0.4950171384,"10":0.4835276446,"11":0.4498248975,"12":0.4541141778,"13":0.4783953859,"14":0.4471869262,"15":0.459087726,"16":0.4312295719,"17":0.4360336055,"18":0.4374904382,"19":0.422932915,"20":0.4079286926,"21":0.4038525166,"22":0.3717409721,"23":0.3745694456,"24":0.3773780493,"25":0.3587856056},"lower corr std":{"0":0.0266196086,"1":0.0120634275,"2":0.0174845622,"3":0.0302502376,"4":0.0238150271,"5":0.032420877,"6":0.0237151483,"7":0.0297914127,"8":0.0023641729,"9":0.0267984549,"10":0.0340570176,"11":0.0265542427,"12":0.0266456088,"13":0.0303501075,"14":0.0180333942,"15":0.0247163986,"16":0.0370474849,"17":0.0185491807,"18":0.0207005994,"19":0.0146064035,"20":0.0284590183,"21":0.0371803447,"22":0.0269656785,"23":0.0236532474,"24":0.0357273481,"25":0.0301093979},"upper corr":{"0":0.3718512434,"1":0.3756551122,"2":0.3655917074,"3":0.3651076648,"4":0.348607589,"5":0.3486312702,"6":0.3439160155,"7":0.3389926375,"8":0.3422420968,"9":0.356816151,"10":0.3309548504,"11":0.3077337945,"12":0.3114562001,"13":0.295740038,"14":0.2985045074,"15":0.3103619959,"16":0.2940639541,"17":0.2806184756,"18":0.2920568754,"19":0.2811899355,"20":0.2719281714,"21":0.2580780836,"22":0.2498849482,"23":0.2387364056,"24":0.2690450256,"25":0.262153406},"upper corr std":{"0":0.0230404102,"1":0.0282362302,"2":0.0130291158,"3":0.0141299682,"4":0.0300138932,"5":0.0347110532,"6":0.0318036289,"7":0.0545390902,"8":0.0312147257,"9":0.0353196381,"10":0.0398967179,"11":0.0242843776,"12":0.0533413196,"13":0.0431063555,"14":0.0203579846,"15":0.0353411675,"16":0.0574274154,"17":0.0485460188,"18":0.0488263157,"19":0.0477639571,"20":0.0380477321,"21":0.0626886493,"22":0.0328061733,"23":0.0476769404,"24":0.0832819875,"25":0.0529847709}}