{"x noise":{"0":0,"1":0,"2":0,"3":0,"4":0,"5":0,"6":0,"7":0,"8":0,"9":0,"10":0},"y noise":{"0":0,"1":0,"2":0,"3":0,"4":0,"5":0,"6":0,"7":0,"8":0,"9":0,"10":0},"omit?":{"0":true,"1":true,"2":true,"3":true,"4":true,"5":true,"6":true,"7":true,"8":true,"9":true,"10":true},"% omitted":{"0":0.0,"1":0.1,"2":0.2,"3":0.3,"4":0.4,"5":0.5,"6":0.6,"7":0.7,"8":0.8,"9":0.9,"10":1.0},"overall RMSE":{"0":0.3844641268,"1":0.3872013807,"2":0.3944533944,"3":0.3952238321,"4":0.4010596514,"5":0.4106033325,"6":0.422377634,"7":0.4405903459,"8":0.4557609916,"9":0.4696552455,"10":0.6375528932},"overall RMSE std":{"0":0.0224315952,"1":0.0212902306,"2":0.0306378274,"3":0.0290248233,"4":0.0343583384,"5":0.0310859662,"6":0.0309827555,"7":0.0368526124,"8":0.0399343869,"9":0.0369513594,"10":0.057333219},"s=0 RMSE":{"0":0.3868036628,"1":0.3896883488,"2":0.3963101149,"3":0.3982808053,"4":0.4011330485,"5":0.4116683066,"6":0.4135343313,"7":0.4274916232,"8":0.4366149843,"9":0.4353474021,"10":0.4534054577},"s=0 RMSE std":{"0":0.0232822352,"1":0.0149406564,"2":0.0358081713,"3":0.0384551111,"4":0.039874651,"5":0.0347285794,"6":0.0382808607,"7":0.0439590145,"8":0.0335817851,"9":0.0425001205,"10":0.0311925712},"s=1 RMSE":{"0":0.38190341,"1":0.3840197206,"2":0.392277348,"3":0.3913836956,"4":0.400308162,"5":0.4085529983,"6":0.4297909379,"7":0.4514070868,"8":0.4734026611,"9":0.500228858,"10":0.778152895},"s=1 RMSE std":{"0":0.0222284325,"1":0.0296314421,"2":0.0266729855,"3":0.0207761328,"4":0.0306875333,"5":0.0325219955,"6":0.0300307265,"7":0.0419593624,"8":0.0491887719,"9":0.0416054551,"10":0.0844008807}}