{"omit frac":{"0":0.0,"1":0.1,"2":0.2,"3":0.3,"4":0.4,"5":0.5,"6":0.6,"7":0.7,"8":0.8,"9":0.9,"10":1.0},"valid trials":{"0":5,"1":5,"2":4,"3":5,"4":5,"5":5,"6":5,"7":5,"8":4,"9":5,"10":5},"overall rmse":{"0":0.8548130989,"1":1.6454565763,"2":1.926355958,"3":1.927129221,"4":1.8593993902,"5":2.0600057364,"6":2.1923080921,"7":1.7021716595,"8":1.6564372182,"9":1.9804635286,"10":2.4241595268},"overall rmse std":{"0":0.0606913826,"1":0.1612703551,"2":0.3789162422,"3":0.4919969995,"4":0.4493126466,"5":0.4977513323,"6":0.5638955279,"7":0.6007783576,"8":0.2981961466,"9":0.3860171252,"10":0.0156365763},"lower rmse":{"0":1.1969996929,"1":0.7610748053,"2":0.8532157242,"3":0.7500867248,"4":1.0743526697,"5":0.9994690061,"6":0.9937839866,"7":1.5833424449,"8":1.4321715236,"9":0.9933212876,"10":0.5510372162},"lower rmse std":{"0":0.1223501781,"1":0.0320834472,"2":0.1785797818,"3":0.1183227079,"4":0.5026239819,"5":0.4579525372,"6":0.5054458974,"7":0.5452004893,"8":0.4841357264,"9":0.3177731842,"10":0.0079085181},"upper rmse":{"0":0.7972677588,"1":1.726726532,"2":2.0217412114,"3":2.0276872396,"4":1.9232091427,"5":2.1451046944,"6":2.2843072891,"7":1.6880387783,"8":1.6684067845,"9":2.0683570623,"10":2.568194294},"upper rmse std":{"0":0.0884401225,"1":0.1730102084,"2":0.4111573035,"3":0.5316343705,"4":0.5148760703,"5":0.5733128401,"6":0.653560648,"7":0.7014374719,"8":0.3691305685,"9":0.428777995,"10":0.0168343541},"overall corr":{"0":0.74583344,"1":0.6021616171,"2":0.357450828,"3":0.4526449893,"4":0.24969182,"5":0.2495208659,"6":0.0630050584,"7":0.1035127861,"8":0.161469797,"9":0.2917520194,"10":0.2802995476},"overall corr std":{"0":0.0211629071,"1":0.0570743276,"2":0.3703187586,"3":0.2298680932,"4":0.3362922037,"5":0.3065692552,"6":0.1507330417,"7":0.1347207381,"8":0.2130255679,"9":0.1388031994,"10":0.0127688048},"lower corr":{"0":0.4787467871,"1":0.3392159312,"2":0.0946980601,"3":0.2283666593,"4":0.1126086118,"5":0.1053459642,"6":-0.049306532,"7":-0.021833891,"8":0.0398743728,"9":0.185547298,"10":0.3305929938},"lower corr std":{"0":0.070944729,"1":0.0806530374,"2":0.1956625304,"3":0.1615263706,"4":0.1746436775,"5":0.1406753471,"6":0.0661338337,"7":0.0892452829,"8":0.1760041491,"9":0.1483449189,"10":0.0250410444},"upper corr":{"0":0.6827832031,"1":0.5268721375,"2":0.3183015792,"3":0.3815614335,"4":0.2050856278,"5":0.2098113156,"6":0.0367084683,"7":0.0751493504,"8":0.1419462237,"9":0.2282371582,"10":0.1834362216},"upper corr std":{"0":0.0233808351,"1":0.0560745086,"2":0.3278770879,"3":0.2298645068,"4":0.2843464863,"5":0.2704200099,"6":0.1158700563,"7":0.118862081,"8":0.1640877742,"9":0.1284109069,"10":0.0125052005},"overall corr NaN count":{"0":0,"1":0,"2":1,"3":0,"4":0,"5":0,"6":0,"7":0,"8":1,"9":0,"10":0},"lower corr NaN count":{"0":0,"1":0,"2":1,"3":0,"4":0,"5":0,"6":0,"7":0,"8":1,"9":0,"10":0},"upper corr NaN count":{"0":0,"1":0,"2":1,"3":0,"4":0,"5":0,"6":0,"7":0,"8":1,"9":0,"10":0}}