{"x noise":{"0":0.0,"1":0.1,"2":0.2,"3":0.3,"4":0.4,"5":0.5,"6":0.6,"7":0.7,"8":0.8,"9":0.9,"10":1.0,"11":1.1,"12":1.2,"13":1.3,"14":1.4,"15":1.5,"16":1.6,"17":1.7,"18":1.8,"19":1.9,"20":2.0},"y noise":{"0":0,"1":0,"2":0,"3":0,"4":0,"5":0,"6":0,"7":0,"8":0,"9":0,"10":0,"11":0,"12":0,"13":0,"14":0,"15":0,"16":0,"17":0,"18":0,"19":0,"20":0},"omit?":{"0":false,"1":false,"2":false,"3":false,"4":false,"5":false,"6":false,"7":false,"8":false,"9":false,"10":false,"11":false,"12":false,"13":false,"14":false,"15":false,"16":false,"17":false,"18":false,"19":false,"20":false},"% omitted":{"0":null,"1":null,"2":null,"3":null,"4":null,"5":null,"6":null,"7":null,"8":null,"9":null,"10":null,"11":null,"12":null,"13":null,"14":null,"15":null,"16":null,"17":null,"18":null,"19":null,"20":null},"overall RMSE":{"0":0.3816818178,"1":0.3965807676,"2":0.4112826228,"3":0.4408724487,"4":0.4865959585,"5":0.5249155402,"6":0.5779448509,"7":0.6327164531,"8":0.6840055823,"9":0.7416786671,"10":0.7950594068,"11":0.8511538506,"12":0.912073648,"13":0.9830515146,"14":1.033794117,"15":1.0968420029,"16":1.1572219133,"17":1.2167403221,"18":1.2673952579,"19":1.3239762783,"20":1.3932495117},"overall RMSE std":{"0":0.0180833428,"1":0.0238397495,"2":0.0163701121,"3":0.0211206357,"4":0.0242603828,"5":0.0189300484,"6":0.0323456777,"7":0.0434356381,"8":0.0522856435,"9":0.0668496067,"10":0.0803804552,"11":0.0938236133,"12":0.1061790146,"13":0.1152626027,"14":0.1303546572,"15":0.1348071153,"16":0.1405862665,"17":0.1456457485,"18":0.1645821329,"19":0.1692779093,"20":0.1897919603},"s=0 RMSE":{"0":0.4041089058,"1":0.4341284692,"2":0.4717693567,"3":0.5304710507,"4":0.6014821291,"5":0.68735044,"6":0.8062692642,"7":0.8830886126,"8":0.9482212424,"9":1.001550889,"10":1.0803628802,"11":1.076150167,"12":1.1012900472,"13":1.1002322912,"14":1.1040278196,"15":1.0810743093,"16":1.0723222971,"17":1.0522341728,"18":1.0705752492,"19":1.0454055548,"20":0.9802849412},"s=0 RMSE std":{"0":0.016454927,"1":0.0410834603,"2":0.0236397329,"3":0.0391927804,"4":0.0476430569,"5":0.0574715237,"6":0.0975118674,"7":0.1071375253,"8":0.1000378956,"9":0.1088160875,"10":0.1245758673,"11":0.1066510758,"12":0.0891049821,"13":0.0816384817,"14":0.0797148799,"15":0.0733504019,"16":0.0660807444,"17":0.0721237008,"18":0.0551424851,"19":0.0577611794,"20":0.0982967719},"s=1 RMSE":{"0":0.3788575828,"1":0.3919130147,"2":0.4034502327,"3":0.4287258089,"4":0.470590651,"5":0.5019337475,"6":0.5438450634,"7":0.5946764112,"8":0.6442302346,"9":0.7023541927,"10":0.7510253429,"11":0.8175989151,"12":0.8845683932,"13":0.9659337521,"14":1.0228199601,"15":1.096638453,"16":1.1648667812,"17":1.2328011274,"18":1.2864071131,"19":1.3509029388,"20":1.4312970877},"s=1 RMSE std":{"0":0.0201874958,"1":0.0225127834,"2":0.0201596515,"3":0.0268473153,"4":0.0336512151,"5":0.0285827836,"6":0.0385303751,"7":0.0563080777,"8":0.0668682823,"9":0.0862420029,"10":0.1049563402,"11":0.1163381791,"12":0.1273579943,"13":0.1347920043,"14":0.1492091451,"15":0.150957597,"16":0.1558181094,"17":0.1594391585,"18":0.1815876514,"19":0.1849506764,"20":0.2092642906}}